<?xml version="1.0" encoding="UTF-8"?>
<metadata xml:lang="es"><Esri><CreaDate>20201021</CreaDate><CreaTime>12534700</CreaTime><ArcGISFormat>1.0</ArcGISFormat><SyncOnce>TRUE</SyncOnce><DataProperties><lineage><Process ToolSource="c:\program files (x86)\arcgis\desktop10.8\ArcToolbox\Toolboxes\Data Management Tools.tbx\CalculateField" Date="20201020" Time="234044">CalculateField "Red Vial Inca Qhapaq Nan geogpsperu SuyoPomalia" TipoCamino "Camino Registrado" VB #</Process><Process ToolSource="c:\program files (x86)\arcgis\desktop10.8\ArcToolbox\Toolboxes\Data Management Tools.tbx\CalculateField" Date="20201020" Time="234115">CalculateField "Red Vial Inca Qhapaq Nan geogpsperu SuyoPomalia" TipoCamino "Trazo de Camino" VB #</Process><Process ToolSource="c:\program files (x86)\arcgis\desktop10.8\ArcToolbox\Toolboxes\Data Management Tools.tbx\CalculateField" Date="20201020" Time="234150">CalculateField "Red Vial Inca Qhapaq Nan geogpsperu SuyoPomalia" TipoCamino "Camino Identificado" VB #</Process><Process ToolSource="c:\program files (x86)\arcgis\desktop10.8\ArcToolbox\Toolboxes\Data Management Tools.tbx\CalculateField" Date="20201020" Time="234216">CalculateField "Red Vial Inca Qhapaq Nan geogpsperu SuyoPomalia" TipoCamino "Camino Afectado" VB #</Process><Process ToolSource="c:\program files (x86)\arcgis\desktop10.8\ArcToolbox\Toolboxes\Data Management Tools.tbx\CalculateField" Date="20201020" Time="234652">CalculateField "Red Vial Inca Qhapaq Nan geogpsperu SuyoPomalia" TipoCamino "Proyección de Camino por Daños" VB #</Process><Process ToolSource="c:\program files (x86)\arcgis\desktop10.8\ArcToolbox\Toolboxes\Data Management Tools.tbx\CalculateField" Date="20201020" Time="234722">CalculateField "Red Vial Inca Qhapaq Nan geogpsperu SuyoPomalia" TipoCamino "Proyección de Camino por Reemplazo" VB #</Process><Process ToolSource="c:\program files (x86)\arcgis\desktop10.8\ArcToolbox\Toolboxes\Data Management Tools.tbx\CalculateField" Date="20201020" Time="234751">CalculateField "Red Vial Inca Qhapaq Nan geogpsperu SuyoPomalia" TipoCamino "Proyección de Camino por Ausencia" VB #</Process><Process ToolSource="c:\program files (x86)\arcgis\desktop10.8\ArcToolbox\Toolboxes\Data Management Tools.tbx\CalculateField" Date="20201020" Time="235210">CalculateField "Red Vial Inca Qhapaq Nan geogpsperu SuyoPomalia" descargar "www.geogpsperu.com" VB #</Process><Process ToolSource="c:\program files (x86)\arcgis\desktop10.8\ArcToolbox\Toolboxes\Data Management Tools.tbx\CalculateField" Date="20201021" Time="125119">CalculateField "Red Vial Inca Qhapaq Nan geogpsperu SuyoPomalia" LIBRE "Gratuito" VB #</Process><Process ToolSource="c:\program files (x86)\arcgis\desktop10.8\ArcToolbox\Toolboxes\Data Management Tools.tbx\CalculateField" Date="20201021" Time="125213">CalculateField "Red Vial Inca Qhapaq Nan geogpsperu SuyoPomalia" contacto "Suyo Pomalía Juan Pablo" VB #</Process><Process ToolSource="c:\program files (x86)\arcgis\desktop10.8\ArcToolbox\Toolboxes\Data Management Tools.tbx\CalculateField" Date="20201021" Time="125236">CalculateField "Red Vial Inca Qhapaq Nan geogpsperu SuyoPomalia" correo "juan.suyo@geogpsperu.com" VB #</Process><Process ToolSource="c:\program files (x86)\arcgis\desktop10.8\ArcToolbox\Toolboxes\Data Management Tools.tbx\CalculateField" Date="20201021" Time="125304">CalculateField "Red Vial Inca Qhapaq Nan geogpsperu SuyoPomalia" whatsapp "931381206" VB #</Process></lineage></DataProperties></Esri></metadata>
